customer_id,recency,frequency,monetary,segment,segment_label
AA-10315,185,5,5563.56,1,At-Risk
AA-10375,20,9,1056.39,0,Steady Regulars
AA-10480,260,4,1790.51,1,At-Risk
AA-10645,56,6,5086.9400000000005,0,Steady Regulars
AB-10015,416,3,886.15,3,Low-Engagement
AB-10060,55,8,7755.63,2,High-Value Loyal
AB-10105,42,10,14473.57,2,High-Value Loyal
AB-10150,42,5,966.71,1,At-Risk
AB-10165,26,8,1113.8500000000001,0,Steady Regulars
AB-10255,167,9,914.53,0,Steady Regulars
AB-10600,51,4,1515.86,1,At-Risk
AC-10420,233,3,925.8000000000001,1,At-Risk
AC-10450,12,7,5527.85,0,Steady Regulars
AC-10615,7,5,2537.69,1,At-Risk
AC-10660,283,5,657.3100000000001,1,At-Risk
AD-10180,30,8,6106.88,0,Steady Regulars
AF-10870,42,7,2052.9100000000003,0,Steady Regulars
AF-10885,416,4,861.57,3,Low-Engagement
AG-10270,279,5,2582.9,1,At-Risk
AG-10300,119,4,367.55,1,At-Risk
AG-10330,9,5,660.97,1,At-Risk
AG-10390,115,5,200.95,1,At-Risk
AG-10495,79,8,2356.86,0,Steady Regulars
AG-10525,846,4,1455.0400000000002,3,Low-Engagement
AG-10675,98,7,3489.06,0,Steady Regulars
AG-10765,78,4,170.59,1,At-Risk
AG-10900,97,10,4510.79,0,Steady Regulars
AH-10030,13,7,1744.6999999999998,0,Steady Regulars
AH-10075,35,10,3250.35,0,Steady Regulars
AH-10120,61,7,1735.53,0,Steady Regulars
AH-10195,56,4,1587.45,1,At-Risk
AH-10210,7,9,4805.35,0,Steady Regulars
AH-10465,231,5,2495.4,1,At-Risk
AH-10585,22,4,738.5,1,At-Risk
AH-10690,411,12,7888.3,2,High-Value Loyal
AI-10855,14,10,4375.79,0,Steady Regulars
AJ-10780,76,7,4867.34,0,Steady Regulars
AJ-10795,167,7,4501.39,0,Steady Regulars
AJ-10945,86,7,1839.24,0,Steady Regulars
AJ-10960,75,3,629.25,1,At-Risk
AM-10360,29,5,814.01,1,At-Risk
AM-10705,163,8,5664.0199999999995,0,Steady Regulars
AO-10810,502,1,161.28,3,Low-Engagement
AP-10720,42,8,1638.55,0,Steady Regulars
AP-10915,99,10,3323.55,0,Steady Regulars
AR-10345,112,4,1055.69,1,At-Risk
AR-10405,126,5,2236.12,1,At-Risk
AR-10510,15,5,264.87,1,At-Risk
AR-10540,7,6,6608.450000000001,2,High-Value Loyal
AR-10570,535,1,88.15,3,Low-Engagement
AR-10825,59,8,4523.33,0,Steady Regulars
AS-10045,89,7,3050.69,0,Steady Regulars
AS-10090,29,9,3255.3,0,Steady Regulars
AS-10135,42,2,58.82,1,At-Risk
AS-10225,23,5,4260.78,1,At-Risk
AS-10240,193,7,584.62,1,At-Risk
AS-10285,20,6,3214.24,1,At-Risk
AS-10630,93,7,833.41,1,At-Risk
AT-10435,22,6,1171.8100000000002,1,At-Risk
AT-10735,14,10,3831.87,0,Steady Regulars
AW-10840,21,4,649.37,1,At-Risk
AW-10930,47,7,2852.95,0,Steady Regulars
AY-10555,15,4,497.02,1,At-Risk
AZ-10750,161,6,1622.03,1,At-Risk
BB-10990,106,5,744.3299999999999,1,At-Risk
BB-11545,29,9,6765.73,2,High-Value Loyal
BC-11125,203,9,2933.67,0,Steady Regulars
BD-11320,34,12,5718.53,0,Steady Regulars
BD-11500,36,6,4411.25,0,Steady Regulars
BD-11560,279,2,320.54,1,At-Risk
BD-11605,98,7,3288.48,0,Steady Regulars
BD-11620,70,6,1538.12,1,At-Risk
BD-11635,10,3,582.65,1,At-Risk
BD-11725,94,6,1526.5,1,At-Risk
BD-11770,328,6,658.46,1,At-Risk
BE-11335,120,5,4204.68,1,At-Risk
BE-11410,99,5,2261.44,1,At-Risk
BE-11455,255,6,1727.6499999999999,1,At-Risk
BF-10975,92,7,599.79,1,At-Risk
BF-11005,40,4,1333.8899999999999,1,At-Risk
BF-11020,75,8,2888.5,0,Steady Regulars
BF-11080,26,3,272.95,1,At-Risk
BF-11170,17,11,5907.97,0,Steady Regulars
BF-11215,66,4,1585.17,1,At-Risk
BF-11275,58,3,791.99,1,At-Risk
BG-11035,29,8,2798.96,0,Steady Regulars
BG-11695,37,6,1874.18,1,At-Risk
BG-11740,58,6,1006.35,1,At-Risk
BH-11710,24,8,6255.34,0,Steady Regulars
BK-11260,78,6,659.15,1,At-Risk
BM-11140,308,4,11789.64,2,High-Value Loyal
BM-11575,101,6,808.16,1,At-Risk
BM-11650,34,11,7294.18,2,High-Value Loyal
BM-11785,219,10,1338.82,0,Steady Regulars
BN-11470,25,4,265.31,1,At-Risk
BN-11515,10,5,1459.3400000000001,1,At-Risk
BO-11350,138,5,2682.73,1,At-Risk
BO-11425,76,2,130.83,1,At-Risk
BP-11050,84,5,983.42,1,At-Risk
BP-11095,18,12,2442.05,0,Steady Regulars
BP-11155,90,6,1697.87,1,At-Risk
BP-11185,2,9,3675.86,0,Steady Regulars
BP-11230,40,5,1181.49,1,At-Risk
BP-11290,13,7,2475.16,0,Steady Regulars
BS-11365,559,5,10501.650000000001,2,High-Value Loyal
BS-11380,29,5,3887.8199999999997,1,At-Risk
BS-11590,36,6,2454.9300000000003,1,At-Risk
BS-11665,583,3,3288.12,3,Low-Engagement
BS-11755,2,7,2562.38,0,Steady Regulars
BS-11800,266,2,949.4300000000001,1,At-Risk
BT-11305,337,5,2567.66,1,At-Risk
BT-11395,303,6,2186.61,1,At-Risk
BT-11440,561,4,603.87,3,Low-Engagement
BT-11485,660,2,415.19999999999993,3,Low-Engagement
BT-11530,92,5,2684.5,1,At-Risk
BT-11680,21,7,3196.75,0,Steady Regulars
BV-11245,335,5,1523.28,1,At-Risk
BW-11065,213,3,385.51,1,At-Risk
BW-11110,122,8,4750.360000000001,0,Steady Regulars
BW-11200,204,6,1738.41,1,At-Risk
CA-11965,97,6,3789.7200000000003,1,At-Risk
CA-12055,402,5,1679.72,3,Low-Engagement
CA-12265,57,9,2648.29,0,Steady Regulars
CA-12310,14,4,1421.96,1,At-Risk
CA-12775,121,7,3041.58,0,Steady Regulars
CB-12025,48,10,6076.15,0,Steady Regulars
CB-12415,27,8,1949.21,0,Steady Regulars
CB-12535,198,8,4246.46,0,Steady Regulars
CC-12100,458,6,1770.9499999999998,3,Low-Engagement
CC-12145,107,7,2471.65,0,Steady Regulars
CC-12220,21,12,3913.43,0,Steady Regulars
CC-12370,44,5,12129.08,2,High-Value Loyal
CC-12430,1,10,2870.05,0,Steady Regulars
CC-12475,40,9,1659.45,0,Steady Regulars
CC-12550,28,3,113.84,1,At-Risk
CC-12610,35,7,2540.63,0,Steady Regulars
CC-12670,30,7,2269.69,0,Steady Regulars
CC-12685,800,4,2854.12,3,Low-Engagement
CD-11920,41,5,2033.97,1,At-Risk
CD-11980,55,3,639.76,1,At-Risk
CD-12280,43,2,1205.58,1,At-Risk
CD-12790,400,5,1860.74,3,Low-Engagement
CG-12040,50,6,904.48,1,At-Risk
CG-12520,339,3,1148.78,3,Low-Engagement
CH-12070,692,3,1537.24,3,Low-Engagement
CJ-11875,366,1,16.52,3,Low-Engagement
CJ-12010,190,8,11164.97,2,High-Value Loyal
CK-12205,40,13,3154.83,0,Steady Regulars
CK-12325,121,5,2945.32,1,At-Risk
CK-12595,44,11,2372.75,0,Steady Regulars
CK-12760,83,9,1582.1100000000001,0,Steady Regulars
CL-11890,107,4,1262.01,1,At-Risk
CL-12565,285,12,10880.56,2,High-Value Loyal
CL-12700,106,5,2353.59,1,At-Risk
CM-11815,132,6,1673.89,1,At-Risk
CM-11935,709,2,565.39,3,Low-Engagement
CM-12115,9,4,1661.6100000000001,1,At-Risk
CM-12160,27,6,2533.3199999999997,1,At-Risk
CM-12190,9,6,1475.14,1,At-Risk
CM-12235,386,5,2305.71,3,Low-Engagement
CM-12385,38,4,8954.01,2,High-Value Loyal
CM-12445,437,3,288.0,3,Low-Engagement
CM-12655,28,6,6339.56,0,Steady Regulars
CM-12715,1036,4,3984.4500000000003,3,Low-Engagement
CP-12085,83,8,5402.25,0,Steady Regulars
CP-12340,161,8,5888.3,0,Steady Regulars
CR-12580,58,4,2148.85,1,At-Risk
CR-12625,471,3,475.9,3,Low-Engagement
CR-12730,79,4,1600.55,1,At-Risk
CR-12820,86,3,1397.88,1,At-Risk
CS-11845,92,5,1278.96,1,At-Risk
CS-11860,163,6,537.63,1,At-Risk
CS-11950,26,11,3036.5299999999997,0,Steady Regulars
CS-12130,490,4,884.64,3,Low-Engagement
CS-12175,233,5,844.46,1,At-Risk
CS-12250,27,12,2754.22,0,Steady Regulars
CS-12355,7,11,3202.16,0,Steady Regulars
CS-12400,3,9,3651.86,0,Steady Regulars
CS-12460,28,2,550.64,1,At-Risk
CS-12490,425,4,1077.23,3,Low-Engagement
CS-12505,59,6,5690.07,0,Steady Regulars
CT-11995,97,8,3241.9,0,Steady Regulars
CV-12295,255,5,2830.63,1,At-Risk
CV-12805,6,9,2370.33,0,Steady Regulars
CW-11905,23,6,1136.5900000000001,1,At-Risk
CY-12745,61,8,2900.02,0,Steady Regulars
Co-12640,550,5,1300.08,3,Low-Engagement
DA-13450,353,4,156.76,3,Low-Engagement
DB-12910,22,8,2171.61,0,Steady Regulars
DB-12970,242,5,2839.23,1,At-Risk
DB-13060,17,7,4531.65,0,Steady Regulars
DB-13120,49,7,2973.09,0,Steady Regulars
DB-13210,10,10,2332.5699999999997,0,Steady Regulars
DB-13270,54,8,4655.900000000001,0,Steady Regulars
DB-13360,265,5,1081.47,1,At-Risk
DB-13405,188,4,1711.69,1,At-Risk
DB-13555,108,7,3908.8,0,Steady Regulars
DB-13615,34,7,1989.05,0,Steady Regulars
DB-13660,13,7,1155.21,1,At-Risk
DC-12850,38,9,3336.17,0,Steady Regulars
DC-13285,24,5,1174.6200000000001,1,At-Risk
DD-13570,42,6,269.53000000000003,1,At-Risk
DE-13255,720,5,2550.87,3,Low-Engagement
DF-13135,701,3,2390.54,3,Low-Engagement
DG-13300,33,5,3195.82,1,At-Risk
DH-13075,278,6,4932.87,0,Steady Regulars
DH-13675,777,4,1043.09,3,Low-Engagement
DJ-13420,638,4,2012.52,3,Low-Engagement
DJ-13510,49,8,2501.69,0,Steady Regulars
DJ-13630,13,3,3356.4,1,At-Risk
DK-12835,22,12,3256.48,0,Steady Regulars
DK-12895,46,5,4282.16,1,At-Risk
DK-12985,8,5,1687.0300000000002,1,At-Risk
DK-13090,43,7,2650.5499999999997,0,Steady Regulars
DK-13150,11,2,797.8299999999999,1,At-Risk
DK-13225,11,9,4802.39,0,Steady Regulars
DK-13375,20,8,3318.49,0,Steady Regulars
DL-12865,101,8,1503.12,0,Steady Regulars
DL-12925,58,6,3272.2,1,At-Risk
DL-13315,23,8,1458.25,0,Steady Regulars
DL-13330,58,4,585.02,1,At-Risk
DL-13495,77,8,3539.32,0,Steady Regulars
DM-12955,115,7,1322.03,1,At-Risk
DM-13015,58,7,6345.09,0,Steady Regulars
DM-13345,23,8,4074.4700000000003,0,Steady Regulars
DM-13525,482,3,1376.8,3,Low-Engagement
DN-13690,218,7,2139.79,0,Steady Regulars
DO-13435,134,9,1300.03,0,Steady Regulars
DO-13645,27,7,1267.32,1,At-Risk
DP-13000,127,9,1050.63,0,Steady Regulars
DP-13105,7,8,2214.9900000000002,0,Steady Regulars
DP-13165,813,2,1058.62,3,Low-Engagement
DP-13390,359,9,5480.73,0,Steady Regulars
DR-12880,4,9,6528.03,0,Steady Regulars
DR-12940,51,8,8350.87,2,High-Value Loyal
DS-13030,94,4,1762.21,1,At-Risk
DS-13180,24,9,2881.8,0,Steady Regulars
DV-13045,20,5,1119.48,1,At-Risk
DV-13465,30,6,3341.58,1,At-Risk
DW-13195,70,6,1080.76,1,At-Risk
DW-13480,218,5,5271.63,1,At-Risk
DW-13540,99,5,344.08,1,At-Risk
DW-13585,243,7,1204.85,1,At-Risk
Dl-13600,120,5,755.6,1,At-Risk
Dp-13240,85,11,7198.77,2,High-Value Loyal
EA-14035,153,13,2846.71,0,Steady Regulars
EB-13705,49,9,3644.97,0,Steady Regulars
EB-13750,36,10,3236.32,0,Steady Regulars
EB-13840,91,5,4358.13,1,At-Risk
EB-13870,101,10,2767.2200000000003,0,Steady Regulars
EB-13930,162,5,944.6000000000001,1,At-Risk
EB-13975,1,4,1643.2600000000002,1,At-Risk
EB-14110,114,6,3071.14,1,At-Risk
EB-14170,83,6,1186.33,1,At-Risk
EC-14050,54,5,461.90999999999997,1,At-Risk
ED-13885,136,8,3484.9100000000003,0,Steady Regulars
EG-13900,23,5,1832.02,1,At-Risk
EH-13765,136,12,10310.869999999999,2,High-Value Loyal
EH-13945,218,8,684.18,0,Steady Regulars
EH-13990,406,6,825.9499999999999,3,Low-Engagement
EH-14005,3,7,1219.52,1,At-Risk
EH-14125,153,10,3082.64,0,Steady Regulars
EH-14185,106,6,923.88,1,At-Risk
EJ-13720,303,4,2162.1800000000003,1,At-Risk
EJ-14155,58,5,2656.69,1,At-Risk
EK-13795,45,4,1303.48,1,At-Risk
EL-13735,78,2,124.28,1,At-Risk
EM-13810,133,5,2567.0,1,At-Risk
EM-13825,56,8,2339.6,0,Steady Regulars
EM-13960,152,5,933.6999999999999,1,At-Risk
EM-14065,48,4,228.99,1,At-Risk
EM-14095,114,4,1041.04,1,At-Risk
EM-14140,49,6,4588.44,0,Steady Regulars
EM-14200,159,3,366.83,1,At-Risk
EN-13780,288,4,2199.36,1,At-Risk
EP-13915,13,17,5478.06,0,Steady Regulars
ER-13855,422,3,1245.79,3,Low-Engagement
ES-14020,41,5,3510.46,1,At-Risk
ES-14080,29,9,4657.93,0,Steady Regulars
FA-14230,98,7,2984.05,0,Steady Regulars
FC-14245,71,7,3418.7400000000002,0,Steady Regulars
FC-14335,185,7,3889.36,0,Steady Regulars
FG-14260,35,7,1383.1299999999999,0,Steady Regulars
FH-14275,38,10,4256.28,0,Steady Regulars
FH-14350,213,4,2271.29,1,At-Risk
FH-14365,6,8,6987.2,2,High-Value Loyal
FM-14215,8,10,2456.64,0,Steady Regulars
FM-14290,37,9,3736.2,0,Steady Regulars
FM-14380,146,9,2523.26,0,Steady Regulars
FO-14305,39,10,2678.4300000000003,0,Steady Regulars
FP-14320,24,8,4046.75,0,Steady Regulars
FW-14395,363,3,79.75,3,Low-Engagement
GA-14515,150,8,3919.77,0,Steady Regulars
GA-14725,6,11,1398.3899999999999,0,Steady Regulars
GB-14530,63,11,1568.44,0,Steady Regulars
GB-14575,14,5,4716.3,1,At-Risk
GD-14590,6,4,1888.0800000000002,1,At-Risk
GG-14650,44,9,2223.99,0,Steady Regulars
GH-14410,76,9,2819.46,0,Steady Regulars
GH-14425,51,4,4172.84,1,At-Risk
GH-14485,388,2,1361.24,3,Low-Engagement
GH-14665,3,2,146.94,1,At-Risk
GK-14620,113,9,6497.280000000001,2,High-Value Loyal
GM-14440,84,7,3582.8199999999997,0,Steady Regulars
GM-14455,17,6,3078.63,1,At-Risk
GM-14500,107,10,1255.6799999999998,0,Steady Regulars
GM-14680,153,6,3163.63,1,At-Risk
GM-14695,118,3,6049.959999999999,1,At-Risk
GP-14740,766,2,236.53,3,Low-Engagement
GR-14560,1136,2,1284.38,3,Low-Engagement
GT-14635,57,3,9351.199999999999,2,High-Value Loyal
GT-14710,37,11,11820.12,2,High-Value Loyal
GT-14755,35,4,226.43,1,At-Risk
GW-14605,29,7,2189.02,0,Steady Regulars
GZ-14470,8,9,4355.150000000001,0,Steady Regulars
GZ-14545,158,4,2454.62,1,At-Risk
HA-14905,70,7,2163.3199999999997,0,Steady Regulars
HA-14920,21,8,2584.17,0,Steady Regulars
HD-14785,770,3,251.36,3,Low-Engagement
HE-14800,13,4,883.53,1,At-Risk
HF-14995,22,7,2533.16,0,Steady Regulars
HG-14845,55,5,785.62,1,At-Risk
HG-14965,24,12,3247.65,0,Steady Regulars
HG-15025,7,7,3690.2799999999997,0,Steady Regulars
HH-15010,73,2,218.67000000000002,1,At-Risk
HJ-14875,127,5,358.1,1,At-Risk
HK-14890,152,8,4877.8,0,Steady Regulars
HL-15040,44,6,12873.3,2,High-Value Loyal
HM-14860,3,10,8236.76,2,High-Value Loyal
HM-14980,248,4,736.28,1,At-Risk
HP-14815,31,7,1990.3100000000002,0,Steady Regulars
HR-14770,14,5,1299.29,1,At-Risk
HR-14830,160,7,5248.8,0,Steady Regulars
HW-14935,118,8,9300.25,2,High-Value Loyal
HZ-14950,36,5,886.5199999999999,1,At-Risk
IG-15085,72,4,744.5699999999999,1,At-Risk
IL-15100,143,7,5040.74,0,Steady Regulars
IM-15055,410,3,2872.63,3,Low-Engagement
IM-15070,391,7,4930.49,0,Steady Regulars
JA-15970,93,8,6491.03,2,High-Value Loyal
JB-15400,8,10,1791.62,0,Steady Regulars
JB-15925,738,3,900.55,3,Low-Engagement
JB-16000,44,7,644.12,1,At-Risk
JB-16045,8,5,2518.11,1,At-Risk
JC-15340,115,4,71.27,1,At-Risk
JC-15385,176,1,1058.1100000000001,1,At-Risk
JC-15775,159,9,2772.06,0,Steady Regulars
JC-16105,58,5,858.5699999999999,1,At-Risk
JD-15790,118,5,2152.35,1,At-Risk
JD-15895,395,11,7610.87,2,High-Value Loyal
JD-16015,113,6,385.43,1,At-Risk
JD-16060,301,3,695.4399999999999,1,At-Risk
JD-16150,42,8,8828.039999999999,2,High-Value Loyal
JE-15475,194,6,1388.69,1,At-Risk
JE-15610,49,7,7754.97,2,High-Value Loyal
JE-15715,47,10,8697.86,2,High-Value Loyal
JE-15745,52,13,6760.8099999999995,2,High-Value Loyal
JE-16165,21,3,2697.25,1,At-Risk
JF-15190,66,7,2279.59,0,Steady Regulars
JF-15295,226,5,955.12,1,At-Risk
JF-15355,106,6,1911.8400000000001,1,At-Risk
JF-15415,3,6,2371.45,1,At-Risk
JF-15490,122,11,1082.92,0,Steady Regulars
JF-15565,55,8,4198.32,0,Steady Regulars
JG-15115,759,3,2358.6600000000003,3,Low-Engagement
JG-15160,2,11,6366.4,0,Steady Regulars
JG-15310,3,6,2240.58,1,At-Risk
JG-15805,224,6,1507.02,1,At-Risk
JH-15430,6,4,309.28999999999996,1,At-Risk
JH-15820,175,6,528.92,1,At-Risk
JH-15910,42,7,959.48,1,At-Risk
JH-15985,30,6,7954.99,2,High-Value Loyal
JH-16180,405,4,2256.39,3,Low-Engagement
JJ-15445,484,5,709.1700000000001,3,Low-Engagement
JJ-15760,754,2,195.0,3,Low-Engagement
JK-15205,62,5,4427.14,1,At-Risk
JK-15325,288,3,383.80999999999995,1,At-Risk
JK-15370,45,8,2709.62,0,Steady Regulars
JK-15625,62,7,3760.0299999999997,0,Steady Regulars
JK-15640,181,9,4760.44,0,Steady Regulars
JK-15730,85,10,4867.21,0,Steady Regulars
JK-16090,29,3,3747.66,1,At-Risk
JK-16120,118,10,2932.49,0,Steady Regulars
JL-15130,9,6,1214.95,1,At-Risk
JL-15175,7,5,1571.52,1,At-Risk
JL-15235,120,5,2203.7,1,At-Risk
JL-15505,50,6,3173.87,1,At-Risk
JL-15835,22,11,9799.94,2,High-Value Loyal
JL-15850,615,6,2725.25,3,Low-Engagement
JM-15250,38,6,3159.11,1,At-Risk
JM-15265,38,5,1804.14,1,At-Risk
JM-15535,103,7,1733.45,0,Steady Regulars
JM-15580,1,5,303.94,1,At-Risk
JM-15655,9,5,864.95,1,At-Risk
JM-15865,110,7,7625.070000000001,2,High-Value Loyal
JM-16195,58,10,2833.92,0,Steady Regulars
JO-15145,58,9,3254.9500000000003,0,Steady Regulars
JO-15280,93,6,1934.27,1,At-Risk
JO-15550,216,5,1090.85,1,At-Risk
JP-15460,38,7,1669.1299999999999,0,Steady Regulars
JP-15520,9,7,3635.59,0,Steady Regulars
JP-16135,103,9,1707.71,0,Steady Regulars
JR-15670,594,2,1156.6599999999999,3,Low-Engagement
JR-15700,69,1,863.88,1,At-Risk
JR-16210,34,5,2201.69,1,At-Risk
JS-15595,120,4,1417.65,1,At-Risk
JS-15685,43,4,1131.07,1,At-Risk
JS-15880,535,5,3868.0099999999998,3,Low-Engagement
JS-15940,464,5,469.16,3,Low-Engagement
JS-16030,29,6,2516.49,1,At-Risk
JW-15220,43,6,7721.71,2,High-Value Loyal
JW-15955,6,7,1244.09,1,At-Risk
JW-16075,462,4,1428.73,3,Low-Engagement
KA-16525,37,7,1519.51,0,Steady Regulars
KB-16240,5,7,3152.61,0,Steady Regulars
KB-16315,297,9,1569.45,0,Steady Regulars
KB-16405,118,3,908.8199999999999,1,At-Risk
KB-16585,231,12,2744.7400000000002,0,Steady Regulars
KB-16600,2,7,983.9300000000001,1,At-Risk
KC-16255,408,6,2120.9500000000003,3,Low-Engagement
KC-16540,98,4,3908.27,1,At-Risk
KC-16675,58,4,1146.05,1,At-Risk
KD-16270,485,5,8282.36,2,High-Value Loyal
KD-16345,42,6,1888.96,1,At-Risk
KD-16495,113,12,8181.240000000001,2,High-Value Loyal
KD-16615,290,5,2243.5099999999998,1,At-Risk
KE-16420,27,8,1686.73,0,Steady Regulars
KF-16285,98,7,10604.26,2,High-Value Loyal
KH-16330,41,8,3312.87,0,Steady Regulars
KH-16360,2,6,3100.6,1,At-Risk
KH-16510,23,7,5952.860000000001,0,Steady Regulars
KH-16630,59,9,3918.96,0,Steady Regulars
KH-16690,3,7,5990.79,0,Steady Regulars
KL-16555,17,8,5016.47,0,Steady Regulars
KL-16645,48,12,14175.23,2,High-Value Loyal
KM-16225,15,6,2260.95,1,At-Risk
KM-16375,57,8,5620.18,0,Steady Regulars
KM-16660,16,5,453.53999999999996,1,At-Risk
KM-16720,29,8,4909.47,0,Steady Regulars
KN-16390,20,9,2617.29,0,Steady Regulars
KN-16450,53,5,2171.97,1,At-Risk
KN-16705,99,8,2280.58,0,Steady Regulars
KS-16300,296,3,88.47,1,At-Risk
KT-16465,392,7,3057.1,3,Low-Engagement
KT-16480,101,10,4642.1,0,Steady Regulars
KW-16435,97,5,4416.52,1,At-Risk
KW-16570,772,4,449.1,3,Low-Engagement
LA-16780,155,11,8673.23,2,High-Value Loyal
LB-16735,49,3,50.19,1,At-Risk
LB-16795,153,8,4985.68,0,Steady Regulars
LC-16870,28,8,2580.71,0,Steady Regulars
LC-16885,17,12,7663.13,2,High-Value Loyal
LC-16930,42,8,4492.9400000000005,0,Steady Regulars
LC-16960,437,4,3246.63,3,Low-Engagement
LC-17050,55,5,2095.06,1,At-Risk
LC-17140,14,9,2633.57,0,Steady Regulars
LD-16855,553,1,5.3,3,Low-Engagement
LD-17005,415,4,1961.9299999999998,3,Low-Engagement
LE-16810,22,6,1469.45,1,At-Risk
LF-17185,23,7,3930.52,0,Steady Regulars
LH-16750,152,3,287.43,1,At-Risk
LH-16900,22,9,2295.32,0,Steady Regulars
LH-17020,240,4,318.23,1,At-Risk
LH-17155,386,9,1739.69,0,Steady Regulars
LL-16840,250,6,2741.2,1,At-Risk
LM-17065,392,5,1346.78,3,Low-Engagement
LO-17170,3,5,644.35,1,At-Risk
LP-17080,41,4,756.6,1,At-Risk
LP-17095,10,7,3653.4,0,Steady Regulars
LR-16915,27,6,5142.89,0,Steady Regulars
LR-17035,133,5,1879.3,1,At-Risk
LS-16945,179,6,2845.27,1,At-Risk
LS-16975,21,9,2988.65,0,Steady Regulars
LS-17200,97,6,1010.25,1,At-Risk
LS-17230,778,3,368.88,3,Low-Engagement
LS-17245,35,6,1008.14,1,At-Risk
LT-16765,27,3,329.87,1,At-Risk
LT-17110,35,8,2936.26,0,Steady Regulars
LW-16825,89,5,2238.06,1,At-Risk
LW-16990,34,6,3230.3,1,At-Risk
LW-17125,206,3,1259.04,1,At-Risk
LW-17215,22,7,5420.5199999999995,0,Steady Regulars
MA-17560,65,11,4299.16,0,Steady Regulars
MA-17995,187,6,2453.2900000000004,1,At-Risk
MB-17305,49,10,1548.71,0,Steady Regulars
MB-18085,45,7,1428.24,0,Steady Regulars
MC-17275,77,8,2725.98,0,Steady Regulars
MC-17425,400,5,4432.139999999999,3,Low-Engagement
MC-17575,28,8,1303.89,0,Steady Regulars
MC-17590,52,6,2426.07,1,At-Risk
MC-17605,113,8,2258.2,0,Steady Regulars
MC-17635,190,4,795.15,1,At-Risk
MC-17845,2,7,3805.71,0,Steady Regulars
MC-18100,42,10,2218.99,0,Steady Regulars
MC-18130,370,5,1581.99,3,Low-Engagement
MD-17350,118,7,3766.4,0,Steady Regulars
MD-17860,37,5,1204.91,1,At-Risk
ME-17320,43,10,10663.73,2,High-Value Loyal
ME-17725,29,8,1908.45,0,Steady Regulars
ME-18010,93,4,1256.95,1,At-Risk
MF-17665,422,5,937.05,3,Low-Engagement
MF-18250,8,5,1758.3,1,At-Risk
MG-17650,30,7,3785.28,0,Steady Regulars
MG-17680,93,4,2350.2000000000003,1,At-Risk
MG-17695,556,3,1342.29,3,Low-Engagement
MG-17875,117,5,1242.84,1,At-Risk
MG-17890,100,9,776.39,0,Steady Regulars
MG-18145,85,4,3061.54,1,At-Risk
MG-18205,265,1,16.740000000000002,1,At-Risk
MH-17290,120,6,2394.02,1,At-Risk
MH-17440,377,4,400.02,3,Low-Engagement
MH-17455,86,8,2456.1800000000003,0,Steady Regulars
MH-17620,156,4,1252.8,1,At-Risk
MH-17785,99,7,2203.78,0,Steady Regulars
MH-18025,50,5,2984.95,1,At-Risk
MH-18115,6,9,5503.09,0,Steady Regulars
MJ-17740,23,7,6320.75,0,Steady Regulars
MK-17905,29,8,2302.36,0,Steady Regulars
MK-18160,241,4,1031.6000000000001,1,At-Risk
ML-17395,70,9,2722.84,0,Steady Regulars
ML-17410,55,6,2921.5099999999998,1,At-Risk
ML-17755,30,7,2071.91,0,Steady Regulars
ML-18040,80,3,742.08,1,At-Risk
ML-18265,101,2,162.23000000000002,1,At-Risk
MM-17260,169,4,1314.02,1,At-Risk
MM-17920,8,11,3794.07,0,Steady Regulars
MM-18055,62,8,2749.87,0,Steady Regulars
MM-18280,86,9,775.41,0,Steady Regulars
MN-17935,35,6,2477.94,1,At-Risk
MO-17500,73,4,922.49,1,At-Risk
MO-17800,105,8,1687.03,0,Steady Regulars
MO-17950,181,2,154.29,1,At-Risk
MP-17470,720,7,3206.12,3,Low-Engagement
MP-17965,73,9,3983.65,0,Steady Regulars
MP-18175,17,9,5087.93,0,Steady Regulars
MR-17545,126,4,639.1800000000001,1,At-Risk
MS-17365,274,10,7443.68,2,High-Value Loyal
MS-17530,435,4,475.65999999999997,3,Low-Engagement
MS-17710,414,6,1613.39,3,Low-Engagement
MS-17770,122,9,3144.67,0,Steady Regulars
MS-17830,453,4,370.34000000000003,3,Low-Engagement
MS-17980,27,6,855.12,1,At-Risk
MT-17815,50,6,2890.14,1,At-Risk
MT-18070,204,4,1319.44,1,At-Risk
MV-17485,28,9,1560.03,0,Steady Regulars
MV-18190,20,7,1734.58,0,Steady Regulars
MW-18220,18,7,5341.900000000001,0,Steady Regulars
MW-18235,45,2,5253.88,1,At-Risk
MY-17380,30,7,2254.29,0,Steady Regulars
MY-18295,72,11,4152.7,0,Steady Regulars
MZ-17335,31,4,593.61,1,At-Risk
MZ-17515,283,6,2564.89,1,At-Risk
NB-18580,1166,2,273.87,3,Low-Engagement
NB-18655,20,9,1972.61,0,Steady Regulars
NC-18340,225,5,2461.41,1,At-Risk
NC-18415,42,6,2218.9900000000002,1,At-Risk
NC-18535,7,7,8241.74,2,High-Value Loyal
NC-18625,205,5,1821.75,1,At-Risk
ND-18370,28,9,4326.14,0,Steady Regulars
ND-18460,184,6,2893.46,1,At-Risk
NF-18385,80,7,8322.82,2,High-Value Loyal
NF-18475,526,4,377.17,3,Low-Engagement
NF-18595,115,7,2031.48,0,Steady Regulars
NG-18355,49,5,1869.57,1,At-Risk
NG-18430,49,5,1395.94,1,At-Risk
NH-18610,190,7,2673.29,0,Steady Regulars
NK-18490,71,7,572.0500000000001,1,At-Risk
NL-18310,59,4,1418.0800000000002,1,At-Risk
NM-18445,161,7,6459.34,2,High-Value Loyal
NM-18520,245,10,2161.98,0,Steady Regulars
NP-18325,26,6,5529.62,0,Steady Regulars
NP-18670,59,5,3908.4,1,At-Risk
NP-18685,407,6,1228.7,3,Low-Engagement
NP-18700,139,7,7903.18,2,High-Value Loyal
NR-18550,211,5,2367.27,1,At-Risk
NS-18505,7,4,2575.87,1,At-Risk
NS-18640,175,13,2964.82,0,Steady Regulars
NW-18400,173,7,7234.02,2,High-Value Loyal
NZ-18565,86,9,2488.33,0,Steady Regulars
ON-18715,411,9,1567.52,0,Steady Regulars
OT-18730,66,5,3818.62,1,At-Risk
PA-19060,104,6,729.41,1,At-Risk
PB-18805,26,3,740.36,1,At-Risk
PB-19105,58,4,688.3299999999999,1,At-Risk
PB-19150,98,8,1456.95,0,Steady Regulars
PB-19210,689,2,132.74,3,Low-Engagement
PC-18745,3,4,1832.07,1,At-Risk
PC-19000,883,2,1061.49,3,Low-Engagement
PF-19120,836,4,9062.859999999999,3,Low-Engagement
PF-19165,197,6,2770.0,1,At-Risk
PF-19225,115,5,2206.12,1,At-Risk
PG-18820,37,13,3086.9,0,Steady Regulars
PG-18895,58,9,1987.15,0,Steady Regulars
PH-18790,71,1,729.6500000000001,1,At-Risk
PJ-18835,40,8,1220.1,0,Steady Regulars
PJ-19015,135,7,1824.23,0,Steady Regulars
PK-18910,484,2,1441.15,3,Low-Engagement
PK-19075,10,12,8646.93,2,High-Value Loyal
PL-18925,16,5,239.49,1,At-Risk
PM-18940,387,3,1405.3999999999999,3,Low-Engagement
PM-19135,52,4,4115.66,1,At-Risk
PN-18775,31,8,1467.16,0,Steady Regulars
PO-18850,5,11,7473.839999999999,2,High-Value Loyal
PO-18865,1,7,2493.22,0,Steady Regulars
PO-19180,161,9,4893.05,0,Steady Regulars
PO-19195,87,5,1056.85,1,At-Risk
PP-18955,98,10,7252.61,2,High-Value Loyal
PR-18880,37,5,1840.18,1,At-Risk
PS-18760,108,6,2181.48,1,At-Risk
PS-18970,70,8,1278.65,0,Steady Regulars
PS-19045,237,7,6843.629999999999,2,High-Value Loyal
PT-19090,72,4,160.58,1,At-Risk
PV-18985,90,5,2876.05,1,At-Risk
PW-19030,47,10,3454.91,0,Steady Regulars
PW-19240,465,7,3922.41,3,Low-Engagement
QJ-19255,26,9,6108.34,0,Steady Regulars
RA-19285,6,9,2617.89,0,Steady Regulars
RA-19885,44,7,3832.3199999999997,0,Steady Regulars
RA-19915,13,9,4793.53,0,Steady Regulars
RA-19945,62,5,1686.93,1,At-Risk
RB-19330,69,2,1008.2,1,At-Risk
RB-19360,97,6,15117.349999999999,2,High-Value Loyal
RB-19435,20,8,2663.07,0,Steady Regulars
RB-19465,10,12,4715.47,0,Steady Regulars
RB-19570,26,5,528.53,1,At-Risk
RB-19645,649,5,221.09,3,Low-Engagement
RB-19705,55,4,2067.45,1,At-Risk
RB-19795,33,8,5633.31,0,Steady Regulars
RC-19825,370,6,966.4100000000001,3,Low-Engagement
RC-19960,111,6,885.75,1,At-Risk
RD-19480,73,8,4272.9400000000005,0,Steady Regulars
RD-19585,181,10,2912.9,0,Steady Regulars
RD-19660,115,5,2786.63,1,At-Risk
RD-19720,22,10,1419.74,0,Steady Regulars
RD-19810,15,8,1137.61,0,Steady Regulars
RD-19900,115,9,3133.92,0,Steady Regulars
RD-19930,43,4,970.95,1,At-Risk
RE-19405,1098,1,48.36,3,Low-Engagement
RE-19450,303,5,876.7,1,At-Risk
RF-19345,391,8,3309.14,0,Steady Regulars
RF-19735,90,7,2341.3,0,Steady Regulars
RF-19840,7,8,945.22,0,Steady Regulars
RH-19495,33,5,3621.38,1,At-Risk
RH-19510,468,6,6979.18,2,High-Value Loyal
RH-19555,520,2,740.39,3,Low-Engagement
RH-19600,535,3,2085.74,3,Low-Engagement
RK-19300,120,3,1460.19,1,At-Risk
RL-19615,122,8,6234.91,0,Steady Regulars
RM-19375,346,6,1453.47,1,At-Risk
RM-19675,7,5,5979.089999999999,1,At-Risk
RM-19750,300,1,98.35,3,Low-Engagement
RO-19780,36,7,3815.4700000000003,0,Steady Regulars
RP-19270,497,4,954.64,3,Low-Engagement
RP-19390,34,12,5153.06,0,Steady Regulars
RP-19855,29,8,2170.71,0,Steady Regulars
RR-19315,20,2,615.9300000000001,1,At-Risk
RR-19525,171,6,3302.2599999999998,1,At-Risk
RS-19420,77,5,3221.29,1,At-Risk
RS-19765,37,8,4159.77,0,Steady Regulars
RS-19870,20,2,22.330000000000002,1,At-Risk
RW-19540,121,7,7397.400000000001,2,High-Value Loyal
RW-19630,90,9,3279.75,0,Steady Regulars
RW-19690,80,5,3495.64,1,At-Risk
SA-20830,64,10,4767.34,0,Steady Regulars
SB-20170,202,3,1348.02,1,At-Risk
SB-20185,189,6,6411.0,2,High-Value Loyal
SB-20290,48,7,8057.89,2,High-Value Loyal
SC-20020,782,5,3362.96,3,Low-Engagement
SC-20050,41,9,4624.57,0,Steady Regulars
SC-20095,350,9,14142.340000000002,2,High-Value Loyal
SC-20230,150,4,4371.96,1,At-Risk
SC-20260,188,8,3729.7999999999997,0,Steady Regulars
SC-20305,30,7,3979.0600000000004,0,Steady Regulars
SC-20380,31,9,5992.530000000001,0,Steady Regulars
SC-20440,37,7,1875.0,0,Steady Regulars
SC-20575,93,5,902.73,1,At-Risk
SC-20680,127,6,1254.64,1,At-Risk
SC-20695,90,10,2576.4,0,Steady Regulars
SC-20725,188,11,5226.2,0,Steady Regulars
SC-20770,42,7,4492.68,0,Steady Regulars
SC-20800,31,4,279.25,1,At-Risk
SC-20845,132,2,280.63,1,At-Risk
SD-20485,201,9,6121.1,0,Steady Regulars
SE-20110,10,11,12209.440000000002,2,High-Value Loyal
SF-20065,60,7,763.54,1,At-Risk
SF-20200,60,9,3422.7799999999997,0,Steady Regulars
SF-20965,49,9,3336.53,0,Steady Regulars
SG-20080,9,3,3406.58,1,At-Risk
SG-20470,184,8,1884.8000000000002,0,Steady Regulars
SG-20605,109,6,3124.84,1,At-Risk
SG-20890,227,3,47.95,1,At-Risk
SH-19975,30,13,3406.86,0,Steady Regulars
SH-20395,24,10,2180.7,0,Steady Regulars
SH-20635,766,2,2096.3900000000003,3,Low-Engagement
SJ-20125,96,12,3949.6499999999996,0,Steady Regulars
SJ-20215,30,6,1341.04,1,At-Risk
SJ-20500,254,5,1318.77,1,At-Risk
SK-19990,9,3,883.4100000000001,1,At-Risk
SL-20155,71,7,3053.01,0,Steady Regulars
SM-20005,422,4,244.49,3,Low-Engagement
SM-20320,80,5,25043.07,2,High-Value Loyal
SM-20905,607,1,1043.05,3,Low-Engagement
SM-20950,26,12,5563.400000000001,0,Steady Regulars
SN-20560,112,6,1860.42,1,At-Risk
SN-20710,80,7,3127.97,0,Steady Regulars
SO-20335,30,6,2602.58,1,At-Risk
SP-20545,328,6,1306.09,1,At-Risk
SP-20620,48,9,5440.32,0,Steady Regulars
SP-20650,387,9,1872.4299999999998,0,Steady Regulars
SP-20860,80,10,4282.92,0,Steady Regulars
SP-20920,71,6,3990.6699999999996,0,Steady Regulars
SR-20425,9,5,3233.48,1,At-Risk
SR-20740,197,8,4345.88,0,Steady Regulars
SS-20140,16,8,1324.03,0,Steady Regulars
SS-20410,111,6,3056.81,1,At-Risk
SS-20515,492,3,613.4,3,Low-Engagement
SS-20590,433,6,418.49,3,Low-Engagement
SS-20875,121,5,964.6300000000001,1,At-Risk
ST-20530,126,7,433.34,1,At-Risk
SU-20665,21,7,2595.38,0,Steady Regulars
SV-20365,102,10,11470.939999999999,2,High-Value Loyal
SV-20785,321,9,4105.32,0,Steady Regulars
SV-20815,77,4,1271.0900000000001,1,At-Risk
SV-20935,3,8,1903.49,0,Steady Regulars
SW-20245,82,7,1085.06,1,At-Risk
SW-20275,31,6,1966.65,1,At-Risk
SW-20350,163,3,1019.04,1,At-Risk
SW-20455,163,7,2921.54,0,Steady Regulars
SW-20755,535,2,758.6899999999999,3,Low-Engagement
SZ-20035,36,11,3625.34,0,Steady Regulars
TA-21385,70,4,14595.619999999999,2,High-Value Loyal
TB-21055,120,5,1467.89,1,At-Risk
TB-21175,59,4,3589.2899999999995,1,At-Risk
TB-21190,50,4,816.1700000000001,1,At-Risk
TB-21250,350,7,1602.3700000000001,1,At-Risk
TB-21280,584,6,2198.46,3,Low-Engagement
TB-21355,147,5,834.33,1,At-Risk
TB-21400,203,7,9133.99,2,High-Value Loyal
TB-21520,108,9,4737.48,0,Steady Regulars
TB-21595,286,5,1387.5700000000002,1,At-Risk
TB-21625,31,9,2797.68,0,Steady Regulars
TC-20980,400,5,19052.22,2,High-Value Loyal
TC-21145,107,1,1038.26,1,At-Risk
TC-21295,28,8,4266.8099999999995,0,Steady Regulars
TC-21475,154,9,1244.98,0,Steady Regulars
TC-21535,5,7,742.5500000000001,1,At-Risk
TD-20995,38,9,1434.56,0,Steady Regulars
TG-21310,338,5,3058.38,1,At-Risk
TG-21640,115,4,2074.67,1,At-Risk
TH-21100,345,5,2422.83,3,Low-Engagement
TH-21115,59,4,2942.78,1,At-Risk
TH-21235,118,8,1022.21,0,Steady Regulars
TH-21550,73,7,4234.1,0,Steady Regulars
TM-21010,104,8,2955.23,0,Steady Regulars
TM-21490,131,3,1094.6799999999998,1,At-Risk
TN-21040,91,7,3130.23,0,Steady Regulars
TP-21130,9,9,4454.06,0,Steady Regulars
TP-21415,105,5,5328.98,1,At-Risk
TP-21565,351,4,1936.62,3,Low-Engagement
TR-21325,194,5,675.9399999999999,1,At-Risk
TS-21085,358,2,4.84,3,Low-Engagement
TS-21160,505,6,2163.63,3,Low-Engagement
TS-21205,199,7,5371.11,0,Steady Regulars
TS-21340,227,5,974.78,1,At-Risk
TS-21370,37,6,11891.75,2,High-Value Loyal
TS-21430,173,5,2054.14,1,At-Risk
TS-21505,12,6,2243.28,1,At-Risk
TS-21610,56,7,2820.42,0,Steady Regulars
TS-21655,239,5,3368.08,1,At-Risk
TT-21070,32,7,4915.59,0,Steady Regulars
TT-21220,184,8,1427.05,0,Steady Regulars
TT-21265,407,3,439.5,3,Low-Engagement
TT-21460,13,7,5364.8,0,Steady Regulars
TW-21025,65,7,5278.82,0,Steady Regulars
TZ-21580,36,4,1707.28,1,At-Risk
VB-21745,55,6,2005.59,1,At-Risk
VD-21670,582,6,6442.26,3,Low-Engagement
VF-21715,14,5,847.95,1,At-Risk
VG-21790,155,6,846.02,1,At-Risk
VG-21805,287,5,427.37,1,At-Risk
VM-21685,55,7,2454.87,0,Steady Regulars
VM-21835,118,5,380.69,1,At-Risk
VP-21730,31,3,993.9,1,At-Risk
VP-21760,76,7,3360.54,0,Steady Regulars
VS-21820,222,4,1055.99,1,At-Risk
VT-21700,1001,2,1736.6,3,Low-Engagement
VW-21775,29,10,6134.040000000001,0,Steady Regulars
WB-21850,21,11,6160.1,0,Steady Regulars
XP-21865,44,11,2374.66,0,Steady Regulars
YC-21895,5,5,5454.35,1,At-Risk
YS-21880,10,8,6720.4400000000005,2,High-Value Loyal
ZC-21910,55,13,8025.7,2,High-Value Loyal
ZD-21925,203,5,1493.94,1,At-Risk
