antecedents,consequents,support,confidence,lift
"Appliances, Storage","Binders, Furnishings",0.005115089514066497,0.2142857142857143,2.5389610389610393
"Appliances, Storage","Binders, Paper",0.005967604433077579,0.25,2.132727272727273
"Appliances, Storage, Furnishings",Binders,0.005115089514066497,0.7058823529411765,1.8482142857142858
"Binders, Storage, Paper",Appliances,0.005967604433077579,0.2641509433962264,1.8280180330606113
"Appliances, Furnishings","Binders, Storage",0.005115089514066497,0.15,1.7683417085427136
"Binders, Storage, Furnishings",Appliances,0.005115089514066497,0.25,1.7300884955752214
"Appliances, Storage, Paper",Binders,0.005967604433077579,0.6363636363636362,1.6661931818181817
"Binders, Phones, Furnishings",Storage,0.00639386189258312,0.375,1.5766129032258063
"Binders, Furnishings",Fasteners,0.008951406649616368,0.10606060606060606,1.5551136363636364
Fasteners,"Binders, Furnishings",0.008951406649616368,0.13124999999999998,1.5551136363636362
"Binders, Appliances, Storage",Furnishings,0.005115089514066497,0.4,1.5536423841059601
"Binders, Accessories, Paper",Art,0.005115089514066497,0.31578947368421056,1.5434210526315792
"Phones, Storage","Binders, Furnishings",0.00639386189258312,0.12820512820512822,1.5190365190365194
"Appliances, Paper","Binders, Storage",0.005967604433077579,0.12844036697247707,1.5141763865197548
"Binders, Appliances, Furnishings",Storage,0.005115089514066497,0.35294117647058826,1.4838709677419355
